provider_id,agency_name,street_address,city,state,zip_code,total_episodes_non_lupa,distinct_beneficiaries_non_lupa,average_number_of_total_visits_per_episode_non_lupa,average_number_of_skilled_nursing_visits_per_episode_non_lupa,average_number_of_pt_visits_per_episode_non_lupa,average_number_of_ot_visits_per_episode_non_lupa,average_number_of_st_visits_per_episode_non_lupa,average_number_of_home_health_aide_visits_per_episode_non_lupa,average_number_of_medical_social_visits_per_episode_non_lupa,total_hha_charge_amount_non_lupa,total_hha_medicare_payment_amount_non_lupa,total_hha_medicare_standard_payment_amount_non_lupa,outlier_payments_as_a_percent_of_medicare_payment_amount_non_lupa,total_lupa_episodes,total_hha_medicare_payment_amount_for_lupas,average_age,male_beneficiaries,female_beneficiaries,nondual_beneficiaries,dua_beneficiaries,white_beneficiaries,black_beneficiaries,asian_pacific_islander_beneficiaries,hispanic_beneficiaries,american_indian_or_alaska_native_beneficiaries,other_unknown_beneficiaries,average_hcc_score,percent_of_beneficiaries_with_atrial_fibrillation,percent_of_beneficiaries_with_alzheimers,percent_of_beneficiaries_with_asthma,percent_of_beneficiaries_with_cancer,percent_of_beneficiaries_with_chf,percent_of_beneficiaries_with_chronic_kidney_disease,percent_of_beneficiaries_with_copd,percent_of_beneficiaries_with_depression,percent_of_beneficiaries_with_diabetes,percent_of_beneficiaries_with_hyperlipidemia,percent_of_beneficiaries_with_hypertension,percent_of_beneficiaries_with_ihd,percent_of_beneficiaries_with_osteoporosis,percent_of_beneficiaries_with_ra_oa,percent_of_beneficiaries_with_schizophrenia,percent_of_beneficiaries_with_stroke
58330,"DIVINE HOME HEALTH, INC",14625 CARMENITA ROAD SUITE 228,NORWALK,CA,90650,681,486,13.4,9.8,2.7,0.1,0.0,0.8,0.0,1368276,2217148,1787361,6.5,31,12912,80,139,347,55,431,35,,407,26,,17,2.0,9,39,15,8,30,39,16,21,74,70,,57,44,72,4,8
58376,"ORANGE COUNTY CARE PROVIDERS, INC",14700 E FIRESTONE BLVD SUITE 128,LA MIRADA,CA,90638,614,293,18.0,12.8,4.3,0.1,0.1,0.7,0.0,1652285,2137998,1747600,6.2,44,16321,82,97,196,92,201,189,,63,,,28,2.74,24,46,19,16,45,51,37,49,49,72,,54,19,67,7,12
147844,"ALERT HOME HEALTH CARE, INC","8118 N MILWAUKEE AVENUE, STE 109",NILES,IL,60714,501,197,10.4,7.5,1.5,0.1,0.0,1.3,0.0,669226,1189842,1165889,0.0,43,11642,79,58,139,81,116,149,,17,,,13,2.16,23,27,20,9,52,32,28,39,68,73,,68,23,,3,10
227290,"SUBURBAN HOME HEALTH CARE, INC",1050 COMMONWEALTH AVE,BOSTON,MA,2115,1466,696,31.9,17.2,4.6,0.5,0.2,9.5,0.0,5856605,5549658,4418284,8.8,58,23848,82,203,493,117,579,476,31,108,,,71,2.25,28,33,14,14,48,49,16,40,54,64,,63,16,62,10,7
747139,KOREAN HOME HEALTH,1908 ROYAL LANE SUITE 100,DALLAS,TX,75229,1691,419,15.0,8.3,1.8,0.1,0.0,4.7,0.0,3811831,3725304,3914596,0.0,24,8595,78,146,273,75,344,,,384,,,17,1.5,6,31,12,4,28,31,16,16,53,,,33,35,74,2,6
58247,BLUE STAR HOME HEALTH INC,20953 DEVONSHIRE BLVD SUITE 3,CHATSWORTH,CA,91311,544,275,12.5,8.3,3.2,0.3,0.0,0.7,0.0,1184245,1564140,1312765,1.5,36,12920,71,125,150,112,163,166,17,22,65,,,2.13,12,19,17,9,31,37,25,46,42,66,,43,16,56,31,9
59046,"CALIFORNIA'S BEST HOME HEALTH SERVICES, INC","1900 E LA PALMA AVE, SUITE 204",ANAHEIM,CA,92805,430,349,16.7,10.6,5.4,0.3,0.1,0.3,0.0,1009248,1494424,1266785,4.4,25,9146,74,150,199,167,182,191,13,52,84,,,2.32,17,27,15,13,35,47,27,36,48,64,,49,19,64,14,17
59105,"MAXIMUM CARE PROVIDERS, INC","55 E. HUNTINGTON DRIVE, STE. 320",ARCADIA,CA,91006,454,241,16.2,12.2,3.6,0.1,0.1,0.2,0.0,1036215,1633790,1316761,6.3,25,9843,74,93,148,52,189,102,38,32,65,,,2.22,8,50,17,9,44,41,38,54,54,66,,66,34,63,35,13
557523,MERCY HOME CARE,2740 M STREET,MERCED,CA,95340,419,318,12.6,7.9,4.0,0.0,0.0,0.7,0.0,2737386,1264036,1064916,0.0,89,42973,75,132,186,174,144,186,19,17,91,,,2.44,17,26,21,12,46,52,35,25,53,58,,66,9,53,3,11
59508,QUALITY CLINICIANS CARE HOME HEALTH SERVICES LLC,"3033 MOORPARK AVENUE, SUITE 26",SAN JOSE,CA,95128,509,381,14.9,8.5,4.6,1.5,0.1,0.3,0.0,1606256,2023184,1317899,0.6,26,13369,76,133,248,78,303,104,44,135,91,,,1.89,12,28,18,5,30,37,19,27,51,72,,42,22,52,12,10
59118,"MEDQUEST HEALTH SERVICES, INC","16025 ARROW HIGHWAY, STE. C",BALDWIN PARK,CA,91706,441,329,8.8,6.9,1.6,0.3,0.0,0.0,0.0,584165,1322215,1131730,0.1,30,12237,77,125,204,46,283,37,20,176,92,,,2.7,15,41,16,10,42,49,53,29,69,66,,67,29,61,11,9
58476,"DUHANEY HOME HEALTH CARE, INC",360 N SEPULVEDA BLVD SUITE 1048,EL SEGUNDO,CA,90245,395,142,22.8,14.5,4.1,0.1,0.1,4.0,0.0,1063720,1247326,1033023,3.1,14,6007,78,64,78,81,61,59,27,17,36,,,2.4,13,30,11,15,36,40,18,42,42,56,,40,12,54,8,8
58080,"ACCURATE HOME HEALTH CARE, INC","3360 FLAIR DR, STE 210A",EL MONTE,CA,91731,416,230,15.4,10.6,3.6,0.2,0.0,0.9,0.0,1000848,1343456,1132708,2.1,16,6304,78,86,144,99,131,98,,37,90,,,2.72,16,38,13,11,44,54,35,36,61,,,63,27,64,14,10
58368,"INFINITE HOME HEALTH, INC","22151 VENTURA BLVD, SUITE 201",WOODLAND HILLS,CA,91364,803,240,20.3,14.8,1.7,0.0,0.1,3.7,0.0,2194991,2599184,2026144,8.8,27,8528,80,81,159,109,131,172,16,18,25,,,2.33,15,50,13,8,45,41,17,52,50,65,,54,24,64,10,11
58203,HERALDS HOME HEALTH,"3703 LONG BEACH BLVD, STE 403",LONG BEACH,CA,90807,737,260,14.0,10.8,2.0,0.3,0.0,0.9,0.0,1836666,2073436,1749732,1.5,51,19418,81,84,176,153,107,110,65,33,49,,,2.8,21,50,22,12,55,52,30,32,58,67,,55,21,53,10,14
108499,GOLDEN HEART HOME HEALTH CARE,1700 WELLS RD  UNIT 23,ORANGE PARK,FL,32073,211,119,17.3,5.1,11.4,0.0,0.0,0.9,0.0,532110,650494,717814,0.1,19,6184,72,42,77,55,64,43,26,29,11,,,2.0,7,24,13,11,24,39,26,23,47,73,,46,8,58,7,8
107225,ORLANDO HEALTH HOME CARE,102 W PINELOCH AVE STE 23,ORLANDO,FL,32806,2106,1644,15.8,8.8,4.2,1.3,0.2,1.3,0.0,5687702,5226574,5699523,0.7,295,105042,76,678,966,1253,391,1183,278,28,132,,,2.3,28,29,14,18,43,51,33,32,52,,,66,13,53,6,16
107444,MEMORIAL HOME HEALTH SERVICES,7369 SHERIDAN ST  STE 101,HOLLYWOOD,FL,33024,1516,1194,20.5,12.4,4.1,0.9,0.1,2.9,0.0,5232655,4559075,4380171,2.9,278,99901,76,500,694,763,431,706,218,20,231,,,2.53,27,26,13,19,45,54,34,28,54,,,65,14,43,6,15
108048,NURSE ON CALL,15215 CORTEZ BLVD,BROOKSVILLE,FL,34613,4029,2208,21.7,11.4,7.1,2.3,0.3,0.7,0.0,13745552,13721501,14905017,3.0,318,108203,78,886,1322,1650,558,1954,159,16,60,,,2.19,23,42,10,16,41,48,39,48,46,67,,63,16,59,12,13
107785,"USA HOME HEALTH SERVICES, INC.",5300 W ATLANTIC AVE STE 300,DELRAY BEACH,FL,33484,2205,1437,23.1,15.5,4.8,0.8,0.2,1.7,0.0,8986797,7797317,7461103,9.2,135,44386,79,618,819,1083,354,1186,137,16,88,,,2.42,25,34,13,17,40,44,29,46,45,73,,69,15,60,12,14
147931,"HEALTHQUEST HOMECARE, LLC","2500 EAST DEVON AVENUE, SUITE 375",DES PLAINES,IL,60018,619,310,15.9,4.6,5.6,0.9,4.2,0.7,0.0,1497906,2202746,2152998,0.1,12,4168,63,150,160,39,271,217,38,26,28,,,1.58,7,25,11,5,27,20,15,34,40,49,57,32,22,53,15,6
148047,"STELLAR HOME HEALTH CARE, INC","3530 W PETERSON AVE, STE 209",CHICAGO,IL,60659,612,275,14.1,7.1,6.8,0.2,0.0,0.1,0.0,1078502,1849864,1817921,0.1,32,8499,69,95,180,83,192,58,154,21,38,,,2.37,12,21,24,12,44,47,28,30,60,70,,53,13,,5,9
147951,"ABSOLUTE HEALTHCARE SYSTEMS, INC","2860 SOUTH RIVER ROAD, SUITE 355",DES PLAINES,IL,60018,1151,391,10.6,8.2,1.6,0.1,0.0,0.6,0.0,2750313,2634107,2589271,0.0,37,9574,69,182,209,126,265,37,323,16,14,,,1.76,8,23,38,7,46,31,30,29,61,62,,66,8,,10,9
147658,ARDENT HOME HEALTH CARE INC,6124 W 63RD STREET,CHICAGO,IL,60638,518,152,11.4,8.4,2.7,0.1,0.0,0.3,0.0,914070,1254705,1233419,0.0,30,10611,73,53,99,34,118,42,66,18,21,,,2.14,17,28,20,8,53,35,26,38,73,,,63,12,,7,11
147751,"EXCELLENT HOME HEALTH CARE, INC",3901 WEST OAKTON,SKOKIE,IL,60076,595,249,12.1,8.7,2.5,0.2,0.0,0.7,0.0,891723,1444814,1420475,0.0,12,4216,74,104,145,110,139,120,65,32,28,,,1.86,19,29,17,13,43,40,18,25,51,73,,49,17,,10,6
147771,HCN HOME HEALTH CARE,6288 NORTH CICERO,CHICAGO,IL,60646,1124,287,15.9,8.6,5.4,0.2,0.0,1.7,0.0,3775018,3109693,3050164,0.0,29,10555,74,99,188,80,207,80,97,72,31,,,1.93,10,36,29,7,53,34,29,29,59,62,,53,15,,7,11
147952,"AMERICARE HOMEHEALTH SERVICES, LLC","6160 NORTH CICERO, SUITE 503",CHICAGO,IL,60646,533,212,11.6,8.4,2.1,0.1,0.0,1.0,0.0,933656,1163253,1168275,0.0,31,8961,74,70,142,85,127,54,80,38,31,,,1.78,9,55,32,7,49,31,24,39,68,75,,64,10,,8,8
147817,"GOOD HEART HOME HEALTH CARE, INC","1550 N NORTHWEST HWY, STE 308",PARK RIDGE,IL,60068,752,268,11.9,8.6,1.8,0.3,0.0,1.2,0.0,1364805,1750716,1721154,0.0,40,13174,74,86,182,72,196,52,103,30,81,,,2.19,15,27,28,11,49,41,27,30,63,73,,63,17,,7,12
147866,"ADVANCE CARE HOME HEALTH, INC","6055 N LINCOLN AVENUE, STE 101",CHICAGO,IL,60659,355,140,10.5,8.4,1.1,0.1,0.0,0.9,0.0,672484,862126,847487,0.0,14,3658,75,53,87,43,97,20,30,39,50,,,1.56,6,25,23,8,39,29,22,46,,71,,69,23,,10,7
147812,"O & P HOME HEALTH CARE, INC",4950 MAIN STREET,SKOKIE,IL,60077,762,208,15.4,9.5,3.2,0.6,0.1,2.1,0.0,2390733,2078097,2022142,0.9,24,8043,75,88,120,78,130,67,57,29,52,,,2.07,18,38,19,10,51,39,23,40,64,67,,51,9,,12,12
148166,"HOME LIFE HEALTHCARE, CORP","890 E HIGGINS ROAD, STE 157",SCHAUMBURG,IL,60173,596,267,13.3,8.2,3.0,0.5,0.2,1.5,0.0,1207769,1626387,1599183,0.0,27,10903,75,102,165,85,182,50,130,54,27,,,2.39,17,30,22,12,58,52,25,27,65,73,,63,17,,7,12
147545,CARING PROFESSIONALS HOME CARE,3450 - 3456 W PETERSON AVENUE,CHICAGO,IL,60659,697,226,16.0,9.1,5.3,0.3,0.1,1.1,0.0,2282812,2077192,2041568,0.0,29,10275,75,82,144,65,161,51,104,43,21,,,2.16,11,36,30,12,48,42,35,29,62,59,,68,10,,12,12
147292,VNA HEALTHTRENDS LTD.,200 E HOWARD ST,DES PLAINES,IL,60018,2105,1360,15.0,6.2,7.1,0.9,0.2,0.5,0.0,7537377,6991635,6905548,0.0,236,87270,77,484,876,998,362,1030,213,37,63,,,2.21,23,33,13,16,45,48,29,37,44,67,,53,19,69,8,14
147780,"COMPMED HOME HEALTH, INC","4711 GOLF ROAD, SUITE 806",SKOKIE,IL,60076,402,179,14.8,8.9,4.3,0.2,0.1,1.4,0.0,1250235,1079353,1060424,0.0,16,5592,77,61,118,51,128,95,39,17,25,,,2.62,20,39,17,16,50,46,35,35,72,69,,63,16,,13,16
147802,AVESENA HOME HEALTH CARE,"221 E LAKE STREET, #108",ADDISON,IL,60101,336,119,19.6,7.4,4.8,1.1,0.1,6.1,0.0,1268517,932326,914954,0.2,23,7809,77,38,81,57,62,74,,29,,,,2.47,29,28,12,4,56,40,37,41,62,69,,58,14,71,7,8
147820,"HOME BOUND HEALTHCARE, INC",1615 VOLLMER ROAD,FLOSSMOOR,IL,60422,2457,912,22.1,6.6,9.8,1.8,0.5,3.4,0.0,8079781,9151422,9399782,0.0,86,34377,78,294,618,484,428,661,154,17,76,,,2.45,20,39,17,12,50,45,35,41,53,60,,66,12,62,14,12
147806,"VITAL WELLNESS HOME HEALTH, INC","651 AMERSALE DRIVE, STE 105",NAPERVILLE,IL,60563,1562,913,17.3,8.8,6.5,1.1,0.1,0.7,0.0,4748590,4923148,5064116,0.1,161,56565,80,307,606,627,286,825,37,16,28,,,2.19,27,44,11,15,45,47,29,44,44,63,,52,16,61,13,14
147988,"HAPPY HOME HEALTH CARE, PC",5810 N LINCOLN AVENUE,CHICAGO,IL,60659,480,199,14.0,8.5,2.7,0.4,0.0,2.5,0.0,890133,1267844,1246404,0.0,14,4478,80,73,126,65,134,56,33,78,27,,,1.97,14,52,23,11,44,37,19,24,52,63,,64,24,,5,11
148021,MAXICARE HOME HEALTH SERVICES,5500 TOUHY AVENUE UNIT C,SKOKIE,IL,60077,595,248,15.7,8.6,4.7,0.9,0.0,1.4,0.0,1298992,1756416,1760509,0.0,22,6934,80,94,154,166,82,173,29,23,19,,,2.73,23,33,17,17,63,50,30,33,44,66,,75,11,69,7,10
147785,"GUARDIAN HOME HEALTH CARE, LLC","181 WAUKEGAN RD, STE 301",NORTHFIELD,IL,60093,1338,977,20.4,7.6,9.3,1.5,0.3,1.8,0.0,3914240,4731970,4619387,0.2,121,43546,81,309,668,882,95,896,29,17,23,,,1.81,25,27,10,16,35,35,20,31,32,65,,47,20,71,8,9
148233,"MEDI LINK HEALTH SERVICES, LLC","1701 E WOODFIELD RD, STE 403",SCHAUMBURG,IL,60173,666,336,14.3,7.5,4.9,1.3,0.1,0.6,0.0,1192413,2073939,2038186,0.0,44,17849,81,115,221,270,66,274,26,21,11,,,2.16,28,33,16,14,52,49,30,43,41,71,,59,15,,7,11
147814,ADVANCARE HEALTHCARE SERVICES,2625 BUTTERFIELD RD SUIT 304 S,OAK BROOK,IL,60523,1651,764,17.9,5.7,10.6,1.0,0.2,0.4,0.0,3869290,6268441,6159092,0.0,85,31398,83,237,527,593,171,449,274,16,20,,,2.01,18,51,10,16,44,43,23,39,39,59,,47,22,,11,10
227068,VNA OF BOSTON,"500 RUTHERFORD AVENUE, SUITE 101",CHARLESTOWN,MA,2129,7127,4244,15.8,8.3,4.3,1.3,0.1,1.9,0.0,20991019,24386328,20934122,0.2,751,316585,77,1597,2647,2196,2048,2362,1288,118,378,,,2.28,20,27,19,16,42,51,26,42,48,62,,54,18,53,8,10
217121,COMMUNITY HOME HEALTH OF MD,"10999 RED RUN BLVD, SUITE 100",OWINGS MILLS,MD,21117,2416,2008,15.8,6.1,6.7,2.1,0.2,0.7,0.0,6188198,7579946,7693585,0.1,321,126947,76,797,1211,1565,443,1258,682,35,19,,,2.18,23,30,13,16,40,47,29,34,44,65,,52,14,56,9,15
217084,POTOMAC HOME HEALTH CARE,6001 MONTROSE ROAD  301,ROCKVILLE,MD,20852,2401,2000,14.1,3.6,8.4,0.8,0.2,1.0,0.0,5057793,7608468,7493265,0.1,550,232098,80,723,1277,1878,122,1656,159,67,68,,,1.46,20,29,9,17,26,31,16,31,25,62,,38,15,64,7,9
297159,PATIENT CARE HOME HEALTH SERVICES,6849-A CHARLESTON BLVD,LAS VEGAS,NV,89117,1053,537,17.1,11.5,2.4,0.7,0.0,2.4,0.0,2372414,2942064,2550016,4.2,31,13485,73,219,318,358,179,305,67,49,100,,,2.14,20,26,15,15,39,48,37,31,53,72,,56,13,53,5,12
337290,"AMERICARE CERTIFIED SPECIAL SERVICES, INC CHHA",5923 STRICKLAND AVENUE,BROOKLYN,NY,11234,3083,2278,32.4,15.3,4.4,0.7,0.1,12.1,0.0,11951109,12999949,9663242,9.2,345,161057,80,766,1512,566,1712,928,364,534,382,,,2.51,21,47,19,13,53,46,26,36,64,73,,72,20,60,10,18
337425,"PREMIER HOME HEALTH CARE SERVICES, INC","50 COURT STREET,  11TH FLOOR",BROOKLYN,NY,11201,178,148,17.4,11.3,3.7,0.0,0.0,2.4,0.0,559679,603200,474177,6.7,56,19803,83,44,104,35,113,76,24,16,26,,,2.68,18,48,19,9,58,41,27,38,66,70,,75,19,63,5,18
397005,VNA OF GREATER PHILADELPHIA,"FALLS CENTER, 3300 HENRY AVENUE, SUITE 500",PHILADELPHIA,PA,19129,3232,1962,15.7,9.9,3.8,0.5,0.2,1.3,0.0,14827012,9387633,8909755,0.4,371,142181,73,794,1168,972,990,606,1130,41,162,,,2.66,17,29,15,15,46,54,27,35,55,60,,54,10,52,9,15
397603,MILLENIUM HOME HEALTH CARE INC,"370 REED ROAD, SUITE 319",BROOMALL,PA,19008,1491,1159,17.7,7.2,6.9,3.1,0.2,0.2,0.0,4190174,5484876,5224435,0.0,135,48566,78,450,709,820,339,747,367,17,21,,,2.58,24,43,13,14,46,51,29,43,48,65,,58,17,57,12,20
747640,ANGELS OF CARE HOME HEALTH INCORPORATED,12200 FORD ROAD SUITE 350,DALLAS,TX,75234,351,113,11.0,8.8,1.5,0.1,0.0,0.5,0.0,616860,771527,779106,2.1,14,5381,67,35,78,19,94,12,46,28,25,,,1.93,4,54,27,4,40,35,27,47,62,74,,49,15,74,11,7
457980,JK HOME HEALTH SERVICE,609 NORTH EBRITE STREET  SUITE 103,MESQUITE,TX,75149,301,106,12.0,8.6,1.3,0.1,0.0,2.0,0.0,702595,636621,655197,0.1,12,4146,71,41,65,35,71,30,35,24,15,,,2.57,8,34,16,11,48,50,26,44,56,70,,59,8,,12,16
679543,ULTIMATE HOME HEALTH CARE,4402 BROADWAY BLVD SUITE 14,GARLAND,TX,75043,549,142,15.8,11.3,1.2,0.2,0.0,3.0,0.0,1301605,1411294,1360811,6.3,14,5341,71,47,95,30,112,36,47,29,26,,,2.24,9,43,20,6,46,44,30,35,62,70,,50,23,,6,11
679749,THE PROVIDENCE HOME HEALTH SERVICES INC,11420 DAIRY ASHFORD RD SUITE #108,SUGAR LAND,TX,77478,810,324,17.1,8.4,5.0,0.3,0.2,3.2,0.0,1913848,2212033,2263184,0.0,55,18773,76,119,205,197,127,143,99,30,51,,,2.6,15,41,12,9,53,54,31,39,62,70,,71,14,69,11,17
453195,DELTACARE HOME HEALTH SERVICE LLC,2608 TEXAS DRIVE,IRVING,TX,75062,693,201,22.9,14.5,2.7,0.6,0.0,5.1,0.0,2232888,1995622,1872870,8.9,21,6583,76,59,142,99,102,99,29,33,38,,,2.31,17,40,14,10,44,51,22,39,57,68,,51,17,68,8,7
457222,GIRLING HOME HEALTH TEXAS BY HARDEN HEALTHCARE,6700 WEST LOOP SOUTH SUITE 200,BELLAIRE,TX,77401,1846,931,16.7,7.5,6.7,1.5,0.4,0.7,0.0,5690977,5945846,6174014,1.9,254,87993,77,300,631,564,367,526,239,18,138,,,2.76,19,37,9,12,47,50,31,36,52,62,,63,14,58,9,14
679407,THERACARE HOME HEALTH,697 SOUTH STEMMONS FWY,LEWISVILLE,TX,75067,891,700,18.2,4.7,8.7,3.2,0.7,0.8,0.0,3574375,3371405,3497326,0.0,78,27481,77,258,442,600,100,570,76,17,31,,,2.06,24,35,16,16,43,46,32,47,46,73,,53,20,68,8,18
677574,ULTRA HOME HEALTH CARE INC,8303 SW FREEWAY SUITE 410,HOUSTON,TX,77074,275,171,16.0,9.4,5.7,0.0,0.0,0.9,0.0,658933,741009,757130,0.0,13,5612,78,61,110,28,143,13,13,133,11,,,2.09,11,40,18,8,31,47,21,21,60,,,52,32,63,5,8
457978,OPTIMUM HOME HEALTH CARE INC,5501 INDEPENDENCE PKWY SUITE 304,PLANO,TX,75023,583,170,22.1,10.1,5.5,1.0,0.1,5.4,0.0,2536529,1764136,1771881,4.2,15,3690,79,47,123,114,56,119,18,18,13,,,2.27,18,35,19,10,43,41,24,51,40,74,,52,18,61,9,14
497008,INOVA VNA HOME HEALTH,9900 MAIN STREET,FAIRFAX,VA,22031,4464,3726,13.6,5.5,5.9,1.3,0.2,0.7,0.0,13861821,13227259,13004525,0.1,751,314838,77,1551,2175,3212,514,2828,388,265,158,,,1.73,23,20,15,17,34,43,22,24,37,71,,47,12,60,4,13
497480,CAPITAL HOME HEALTH CARE INC,"211 GIBSON STREET, NW, SUITE 207",LEESBURG,VA,20176,850,544,16.7,3.6,8.8,2.8,0.4,1.0,0.0,2510504,3167949,3146861,0.1,81,31103,77,247,297,483,61,447,36,36,15,,,1.93,24,30,14,16,36,44,19,35,42,62,,48,12,52,5,15
497559,"CAREGIVERS HOME HEALTH SERVICES, INC","431 PARK AVENUE, SUITE 300",FALLS CHURCH,VA,22046,954,672,18.9,8.3,7.1,1.0,0.2,2.3,0.0,3096299,3099163,3010539,0.4,185,77069,77,273,399,575,97,522,54,31,50,,,1.82,23,22,13,19,31,39,18,24,33,63,,41,11,58,5,13
497636,"PAVILION MEDICAL HOME CARE & STAFFING, LLC","4115 ANNANDALE ROAD, SUITE 202",ANNANDALE,VA,22003,759,560,18.2,4.8,9.3,3.0,0.4,0.6,0.0,2444337,2930184,2912824,0.0,72,28275,79,224,336,474,86,419,73,36,21,,,1.95,16,42,12,12,34,41,22,33,37,60,,62,16,56,9,14
497638,REVIVAL HOMECARE AGENCY,"6606 LEESBURG PIKE, SUITE 630A",FALLS CHURCH,VA,22041,589,368,17.5,5.6,10.1,0.4,0.1,1.3,0.0,1732089,2063408,2023694,0.2,45,17583,79,156,212,290,78,240,71,25,28,,,1.85,16,37,9,14,30,39,20,30,38,62,,46,14,46,6,9
497588,"GENESYS HOME HEALTH CARE, INC","6363 CENTER DRIVE, SUITE 201",NORFOLK,VA,23502,436,213,17.4,9.7,4.5,0.1,0.1,3.0,0.0,1333306,1146851,1226962,1.6,27,10041,79,93,120,144,69,125,58,17,,,,2.33,31,50,9,12,53,54,34,38,54,68,,55,17,55,7,21
497568,ESPRIT HOMECARE,"5881 LEESBURG PIKE, SUITE 202",FALLS CHURCH,VA,22041,336,195,19.7,5.3,10.4,2.1,0.4,1.5,0.0,952418,1270223,1260651,0.2,27,10718,80,63,132,118,77,108,28,32,17,,,2.02,16,41,16,8,30,33,15,32,42,63,,63,14,72,6,12
497656,PRO HEALTHCARE SERVICING LLC,10807 MAIN ST SUITE 700,FAIRFAX,VA,22030,1511,1010,18.8,5.0,11.1,2.1,0.2,1.2,0.0,4473486,5603272,5616024,0.2,211,74960,81,356,654,831,179,790,99,46,55,,,1.89,22,50,23,14,36,42,23,46,37,67,,51,15,61,11,15
527083,HORIZON HOME CARE AND HOSPICE,11400 W LAKE PARK DRIVE,MILWAUKEE,WI,53224,3062,2155,21.5,12.6,3.8,1.4,0.2,3.6,0.0,11931928,9928442,9269420,9.0,835,300840,76,818,1337,1539,616,1627,440,23,42,,,2.53,23,26,17,16,45,54,26,36,44,67,,50,19,55,9,9
59465,"TOTAL CARE HOME HEALTH CARE, INC","105 WEST ALAMEDA AVE, SUITE 218",BURBANK,CA,91502,686,410,16.8,11.6,4.7,0.1,0.0,0.4,0.0,1540789,2496205,2042242,4.7,26,9608,73,182,228,27,383,189,75,23,99,0,24,1.89,8,29,21,8,41,30,38,54,63,,,74,23,,13,7
59331,ACCESS HOME HEALTH CARE LLC,"600 HAMPSHIRE ROAD, #208",WESTLAKE VILLAGE,CA,91361,408,185,16.7,10.0,2.1,0.2,0.1,4.4,0.0,936714,1259856,1009697,2.0,25,10058,80,70,115,71,114,135,,29,,0,12,2.23,22,40,11,17,53,50,28,54,55,,,66,24,74,7,10
127025,PRIME CARE SERVICES HAWAII INC,"3375 KOAPAKA STREET, SUITE I-570",HONOLULU,HI,96819,171,160,10.8,2.5,6.8,0.6,0.0,0.8,0.0,301515,572098,493213,0.0,45,21446,82,65,95,126,34,19,,115,,0,19,2.42,16,52,13,12,38,49,22,16,44,,,51,33,39,3,26
147726,GIRLING HOME HEALTH,7222 W CERMAK RD,NORTH RIVERSIDE,IL,60546,2102,1770,14.9,6.2,7.6,0.6,0.2,0.3,0.0,5825258,6676547,6584460,0.1,169,73975,75,662,1108,1482,288,1356,246,36,107,0,25,1.66,19,17,12,16,29,35,21,28,34,66,,42,16,,5,8
147569,APPLE HOME HEALTHCARE,"223 W JACKSON BLVD, STE 510",CHICAGO,IL,60606,1742,1287,15.6,6.8,6.7,1.5,0.1,0.4,0.0,4919650,5321424,5226553,0.3,185,72223,78,439,848,1035,252,981,205,23,61,0,17,1.7,17,28,9,13,30,35,16,31,32,60,,43,14,71,9,10
147756,"ELITE HOME HEALTH CARE, INC",330 MELVIN DRIVE #3,NORTHBROOK,IL,60062,1901,719,15.0,10.8,3.0,0.0,0.1,1.2,0.0,4890695,5518207,5395674,0.0,48,15515,79,276,443,302,417,558,62,29,41,0,29,2.12,22,31,8,13,65,41,31,44,48,66,,,22,,8,9
337213,PARKER JEWISH INST FOR HEALTH CARE & REHAB CHHA,"1 DELAWARE DRIVE,  SUITE 104",NEW HYDE PARK,NY,11042,369,341,23.9,5.2,6.3,0.6,0.5,11.3,0.0,1145166,1311180,1070697,1.4,20,11579,82,124,217,204,137,234,48,31,16,0,12,2.54,28,45,24,19,59,46,26,49,61,,,,21,66,5,20
398110,AURORA HOME CARE INC,518 BUSTLETON PIKE UNIT D,FEASTERVILLE,PA,19053,311,225,28.1,9.8,8.2,0.4,0.1,9.7,0.0,1319091,1092736,1038015,0.2,17,5476,76,76,149,48,177,80,44,76,13,0,12,2.31,18,28,18,12,47,49,20,35,54,,,65,12,66,5,14
397472,SOUTHEASTERN HEALTH SERVICES OF PA,"1501 GRUNDY LANE, SUITE 100",BRISTOL,PA,19007,3880,2369,24.7,10.7,7.5,4.4,0.7,1.4,0.0,19522557,15586295,15062095,0.7,348,120403,84,857,1512,2151,218,2169,148,18,20,0,14,2.1,28,54,9,15,44,43,26,53,36,62,,62,19,64,12,19
743191,LUCENT HOME HEALTH LLC,1485 RICHARDSON DRIVE SUITE 135,RICHARDSON,TX,75080,1350,345,12.6,8.8,1.8,0.4,0.1,1.5,0.0,2134634,3044280,3102806,1.2,62,18871,77,138,207,71,274,130,26,125,52,0,12,1.84,10,40,19,8,36,30,19,48,51,,,62,21,,4,6
497616,"ORTHOCARERN, INC","441-B CARLISLE DRIVE, SUITE 100",HERNDON,VA,20170,639,573,17.4,2.9,10.9,3.2,0.1,0.3,0.0,1987301,2381642,2358768,0.0,34,14377,75,222,351,543,30,442,54,28,27,0,22,1.07,11,11,14,13,16,25,13,26,23,65,,25,9,,3,6
497245,BON SECOURS HOME CARE,485 RODMAN AVENUE,PORTSMOUTH,VA,23707,2327,1889,15.5,5.6,6.8,1.8,0.5,0.9,0.0,6689111,6956277,7554484,0.2,412,150577,76,694,1195,1599,290,1293,543,18,19,0,16,1.78,19,24,14,18,37,42,27,30,43,70,,43,17,70,5,13
497587,NATIONAL HOME HEALTH CARE INC,"459 HERNDON PARKWAY, SUITE 17",HERNDON,VA,20170,1236,902,21.0,5.4,8.8,4.3,0.6,1.8,0.0,4028116,4658157,4535161,0.2,193,69742,78,318,584,659,243,625,118,77,59,0,23,1.86,21,35,15,13,32,39,21,36,40,64,,46,17,59,7,15
497593,LIVINRITE HOME HEALTH SERVICES,"12269 LIVINGSTON RD, SUITE 201",MANASSAS,VA,20109,1971,1137,23.3,8.1,8.6,3.1,1.1,2.6,0.0,7885595,7876887,7839012,0.1,104,40107,78,433,704,962,175,930,127,29,30,0,21,2.17,22,36,12,14,38,45,27,39,43,63,,47,14,55,7,14
